<?xml version="1.0" encoding="utf-8" standalone="yes"?>
<se:solicitud xmlns:se="http://www.senasa.gov.ar/solicitud" xmlns:xsi="http://www.w3.org/2001/XMLSchema-instance" xsi:schemaLocation="http://www.senasa.gov.ar/solicitud solicitudCertCarnicos.xsd"><se:version>1.0.1</se:version><se:tropasPorProducto>false</se:tropasPorProducto><se:paisDestino>43</se:paisDestino><se:establecimiento>1567</se:establecimiento><se:tropas><se:tropa fechaDeElaboracion="2020-01-02" fechaDeFaena="2020-01-02" fechaDeVencimiento="2021-01-02" numeroTropa="20200102" lote="20200102"/><se:tropa fechaDeElaboracion="2020-01-06" fechaDeFaena="2020-01-06" fechaDeVencimiento="2021-01-06" numeroTropa="20200106" lote="20200106"/><se:tropa fechaDeElaboracion="2020-04-09" fechaDeFaena="2020-04-09" fechaDeVencimiento="2021-04-09" numeroTropa="20200409" lote="20200409"/><se:tropa fechaDeElaboracion="2020-04-13" fechaDeFaena="2020-04-13" fechaDeVencimiento="2021-04-13" numeroTropa="20200413" lote="20200413"/><se:tropa fechaDeElaboracion="2020-04-14" fechaDeFaena="2020-04-14" fechaDeVencimiento="2021-04-14" numeroTropa="20200414" lote="20200414"/><se:tropa fechaDeElaboracion="2020-04-15" fechaDeFaena="2020-04-15" fechaDeVencimiento="2021-04-15" numeroTropa="20200415" lote="20200415"/><se:tropa fechaDeElaboracion="2020-04-16" fechaDeFaena="2020-04-16" fechaDeVencimiento="2021-04-16" numeroTropa="20200416" lote="20200416"/><se:tropa fechaDeElaboracion="2020-04-17" fechaDeFaena="2020-04-17" fechaDeVencimiento="2021-04-17" numeroTropa="20200417" lote="20200417"/><se:tropa fechaDeElaboracion="2020-04-20" fechaDeFaena="2020-04-20" fechaDeVencimiento="2021-04-20" numeroTropa="20200420" lote="20200420"/><se:tropa fechaDeElaboracion="2020-04-21" fechaDeFaena="2020-04-21" fechaDeVencimiento="2021-04-21" numeroTropa="20200421" lote="20200421"/><se:tropa fechaDeElaboracion="2020-05-11" fechaDeFaena="2020-05-11" fechaDeVencimiento="2021-05-11" numeroTropa="20200511" lote="20200511"/><se:tropa fechaDeElaboracion="2020-05-12" fechaDeFaena="2020-05-12" fechaDeVencimiento="2021-05-12" numeroTropa="20200512" lote="20200512"/><se:tropa fechaDeElaboracion="2020-05-18" fechaDeFaena="2020-05-18" fechaDeVencimiento="2021-05-18" numeroTropa="20200518" lote="20200518"/><se:tropa fechaDeElaboracion="2020-05-20" fechaDeFaena="2020-05-20" fechaDeVencimiento="2021-05-20" numeroTropa="20200520" lote="20200520"/><se:tropa fechaDeElaboracion="2020-05-21" fechaDeFaena="2020-05-21" fechaDeVencimiento="2021-05-21" numeroTropa="20200521" lote="20200521"/><se:tropa fechaDeElaboracion="2020-05-22" fechaDeFaena="2020-05-22" fechaDeVencimiento="2021-05-22" numeroTropa="20200522" lote="20200522"/><se:tropa fechaDeElaboracion="2020-05-26" fechaDeFaena="2020-05-26" fechaDeVencimiento="2021-05-26" numeroTropa="20200526" lote="20200526"/><se:tropa fechaDeElaboracion="2020-05-27" fechaDeFaena="2020-05-27" fechaDeVencimiento="2021-05-27" numeroTropa="20200527" lote="20200527"/><se:tropa fechaDeElaboracion="2020-05-28" fechaDeFaena="2020-05-28" fechaDeVencimiento="2021-05-28" numeroTropa="20200528" lote="20200528"/><se:tropa fechaDeElaboracion="2020-05-29" fechaDeFaena="2020-05-29" fechaDeVencimiento="2021-05-29" numeroTropa="20200529" lote="20200529"/><se:tropa fechaDeElaboracion="2020-06-01" fechaDeFaena="2020-06-01" fechaDeVencimiento="2021-06-01" numeroTropa="20200601" lote="20200601"/><se:tropa fechaDeElaboracion="2020-06-02" fechaDeFaena="2020-06-02" fechaDeVencimiento="2021-06-02" numeroTropa="20200602" lote="20200602"/><se:tropa fechaDeElaboracion="2020-06-03" fechaDeFaena="2020-06-03" fechaDeVencimiento="2021-06-03" numeroTropa="20200603" lote="20200603"/><se:tropa fechaDeElaboracion="2020-06-04" fechaDeFaena="2020-06-04" fechaDeVencimiento="2021-06-04" numeroTropa="20200604" lote="20200604"/><se:tropa fechaDeElaboracion="2020-06-05" fechaDeFaena="2020-06-05" fechaDeVencimiento="2021-06-05" numeroTropa="20200605" lote="20200605"/><se:tropa fechaDeElaboracion="2020-06-16" fechaDeFaena="2020-06-16" fechaDeVencimiento="2021-06-16" numeroTropa="20200616" lote="20200616"/><se:tropa fechaDeElaboracion="2020-06-17" fechaDeFaena="2020-06-17" fechaDeVencimiento="2021-06-17" numeroTropa="20200617" lote="20200617"/><se:tropa fechaDeElaboracion="2020-06-18" fechaDeFaena="2020-06-18" fechaDeVencimiento="2021-06-18" numeroTropa="20200618" lote="20200618"/><se:tropa fechaDeElaboracion="2020-06-30" fechaDeFaena="2020-06-30" fechaDeVencimiento="2021-06-30" numeroTropa="20200630" lote="20200630"/></se:tropas><se:detalles><se:detalle><se:producto><se:codigoProducto>1567-89553/13</se:codigoProducto><se:nombre>ALAS</se:nombre></se:producto><se:pesoNeto>195</se:pesoNeto><se:pesoBruto>206</se:pesoBruto><se:cantidad>13</se:cantidad><se:envasePrimario>BOLSAS/ BOLSITAS</se:envasePrimario><se:envaseSecundario>CAJAS</se:envaseSecundario><se:codEnvasePrimarioSENASA>6</se:codEnvasePrimarioSENASA><se:codEnvaseSecundarioSENASA>7</se:codEnvaseSecundarioSENASA><se:marca>SAPUCAI</se:marca></se:detalle><se:detalle><se:producto><se:codigoProducto>1567-89553/13</se:codigoProducto><se:nombre>ALAS</se:nombre></se:producto><se:pesoNeto>345</se:pesoNeto><se:pesoBruto>364</se:pesoBruto><se:cantidad>23</se:cantidad><se:envasePrimario>BOLSAS/ BOLSITAS</se:envasePrimario><se:envaseSecundario>CAJAS</se:envaseSecundario><se:codEnvasePrimarioSENASA>6</se:codEnvasePrimarioSENASA><se:codEnvaseSecundarioSENASA>7</se:codEnvaseSecundarioSENASA><se:marca>SAPUCAI</se:marca></se:detalle><se:detalle><se:producto><se:codigoProducto>1567-89553/13</se:codigoProducto><se:nombre>ALAS</se:nombre></se:producto><se:pesoNeto>75</se:pesoNeto><se:pesoBruto>78</se:pesoBruto><se:cantidad>5</se:cantidad><se:envasePrimario>BOLSAS/ BOLSITAS</se:envasePrimario><se:envaseSecundario>CAJAS</se:envaseSecundario><se:codEnvasePrimarioSENASA>6</se:codEnvasePrimarioSENASA><se:codEnvaseSecundarioSENASA>7</se:codEnvaseSecundarioSENASA><se:marca>SAPUCAI</se:marca></se:detalle><se:detalle><se:producto><se:codigoProducto>1567-89553/13</se:codigoProducto><se:nombre>ALAS</se:nombre></se:producto><se:pesoNeto>1110</se:pesoNeto><se:pesoBruto>1173</se:pesoBruto><se:cantidad>74</se:cantidad><se:envasePrimario>BOLSAS/ BOLSITAS</se:envasePrimario><se:envaseSecundario>CAJAS</se:envaseSecundario><se:codEnvasePrimarioSENASA>6</se:codEnvasePrimarioSENASA><se:codEnvaseSecundarioSENASA>7</se:codEnvaseSecundarioSENASA><se:marca>SAPUCAI</se:marca></se:detalle><se:detalle><se:producto><se:codigoProducto>1567-89553/13</se:codigoProducto><se:nombre>ALAS</se:nombre></se:producto><se:pesoNeto>1935</se:pesoNeto><se:pesoBruto>2043</se:pesoBruto><se:cantidad>129</se:cantidad><se:envasePrimario>BOLSAS/ BOLSITAS</se:envasePrimario><se:envaseSecundario>CAJAS</se:envaseSecundario><se:codEnvasePrimarioSENASA>6</se:codEnvasePrimarioSENASA><se:codEnvaseSecundarioSENASA>7</se:codEnvaseSecundarioSENASA><se:marca>SAPUCAI</se:marca></se:detalle><se:detalle><se:producto><se:codigoProducto>1567-89553/13</se:codigoProducto><se:nombre>ALAS</se:nombre></se:producto><se:pesoNeto>1680</se:pesoNeto><se:pesoBruto>1774</se:pesoBruto><se:cantidad>112</se:cantidad><se:envasePrimario>BOLSAS/ BOLSITAS</se:envasePrimario><se:envaseSecundario>CAJAS</se:envaseSecundario><se:codEnvasePrimarioSENASA>6</se:codEnvasePrimarioSENASA><se:codEnvaseSecundarioSENASA>7</se:codEnvaseSecundarioSENASA><se:marca>SAPUCAI</se:marca></se:detalle><se:detalle><se:producto><se:codigoProducto>1567-89553/13</se:codigoProducto><se:nombre>ALAS</se:nombre></se:producto><se:pesoNeto>1770</se:pesoNeto><se:pesoBruto>1869</se:pesoBruto><se:cantidad>118</se:cantidad><se:envasePrimario>BOLSAS/ BOLSITAS</se:envasePrimario><se:envaseSecundario>CAJAS</se:envaseSecundario><se:codEnvasePrimarioSENASA>6</se:codEnvasePrimarioSENASA><se:codEnvaseSecundarioSENASA>7</se:codEnvaseSecundarioSENASA><se:marca>SAPUCAI</se:marca></se:detalle><se:detalle><se:producto><se:codigoProducto>1567-89553/13</se:codigoProducto><se:nombre>ALAS</se:nombre></se:producto><se:pesoNeto>1635</se:pesoNeto><se:pesoBruto>1725</se:pesoBruto><se:cantidad>109</se:cantidad><se:envasePrimario>BOLSAS/ BOLSITAS</se:envasePrimario><se:envaseSecundario>CAJAS</se:envaseSecundario><se:codEnvasePrimarioSENASA>6</se:codEnvasePrimarioSENASA><se:codEnvaseSecundarioSENASA>7</se:codEnvaseSecundarioSENASA><se:marca>SAPUCAI</se:marca></se:detalle><se:detalle><se:producto><se:codigoProducto>1567-89553/13</se:codigoProducto><se:nombre>ALAS</se:nombre></se:producto><se:pesoNeto>1995</se:pesoNeto><se:pesoBruto>2107</se:pesoBruto><se:cantidad>133</se:cantidad><se:envasePrimario>BOLSAS/ BOLSITAS</se:envasePrimario><se:envaseSecundario>CAJAS</se:envaseSecundario><se:codEnvasePrimarioSENASA>6</se:codEnvasePrimarioSENASA><se:codEnvaseSecundarioSENASA>7</se:codEnvaseSecundarioSENASA><se:marca>SAPUCAI</se:marca></se:detalle><se:detalle><se:producto><se:codigoProducto>1567-89553/13</se:codigoProducto><se:nombre>ALAS</se:nombre></se:producto><se:pesoNeto>1860</se:pesoNeto><se:pesoBruto>1964</se:pesoBruto><se:cantidad>124</se:cantidad><se:envasePrimario>BOLSAS/ BOLSITAS</se:envasePrimario><se:envaseSecundario>CAJAS</se:envaseSecundario><se:codEnvasePrimarioSENASA>6</se:codEnvasePrimarioSENASA><se:codEnvaseSecundarioSENASA>7</se:codEnvaseSecundarioSENASA><se:marca>SAPUCAI</se:marca></se:detalle><se:detalle><se:producto><se:codigoProducto>1567-89553/13</se:codigoProducto><se:nombre>ALAS</se:nombre></se:producto><se:pesoNeto>330</se:pesoNeto><se:pesoBruto>349</se:pesoBruto><se:cantidad>22</se:cantidad><se:envasePrimario>BOLSAS/ BOLSITAS</se:envasePrimario><se:envaseSecundario>CAJAS</se:envaseSecundario><se:codEnvasePrimarioSENASA>6</se:codEnvasePrimarioSENASA><se:codEnvaseSecundarioSENASA>7</se:codEnvaseSecundarioSENASA><se:marca>SAPUCAI</se:marca></se:detalle><se:detalle><se:producto><se:codigoProducto>1567-89553/13</se:codigoProducto><se:nombre>ALAS</se:nombre></se:producto><se:pesoNeto>810</se:pesoNeto><se:pesoBruto>856</se:pesoBruto><se:cantidad>54</se:cantidad><se:envasePrimario>BOLSAS/ BOLSITAS</se:envasePrimario><se:envaseSecundario>CAJAS</se:envaseSecundario><se:codEnvasePrimarioSENASA>6</se:codEnvasePrimarioSENASA><se:codEnvaseSecundarioSENASA>7</se:codEnvaseSecundarioSENASA><se:marca>SAPUCAI</se:marca></se:detalle><se:detalle><se:producto><se:codigoProducto>1567-89553/13</se:codigoProducto><se:nombre>ALAS</se:nombre></se:producto><se:pesoNeto>45</se:pesoNeto><se:pesoBruto>48</se:pesoBruto><se:cantidad>3</se:cantidad><se:envasePrimario>BOLSAS/ BOLSITAS</se:envasePrimario><se:envaseSecundario>CAJAS</se:envaseSecundario><se:codEnvasePrimarioSENASA>6</se:codEnvasePrimarioSENASA><se:codEnvaseSecundarioSENASA>7</se:codEnvaseSecundarioSENASA><se:marca>SAPUCAI</se:marca></se:detalle><se:detalle><se:producto><se:codigoProducto>1567-89553/13</se:codigoProducto><se:nombre>ALAS</se:nombre></se:producto><se:pesoNeto>300</se:pesoNeto><se:pesoBruto>317</se:pesoBruto><se:cantidad>20</se:cantidad><se:envasePrimario>BOLSAS/ BOLSITAS</se:envasePrimario><se:envaseSecundario>CAJAS</se:envaseSecundario><se:codEnvasePrimarioSENASA>6</se:codEnvasePrimarioSENASA><se:codEnvaseSecundarioSENASA>7</se:codEnvaseSecundarioSENASA><se:marca>SAPUCAI</se:marca></se:detalle><se:detalle><se:producto><se:codigoProducto>1567-89553/13</se:codigoProducto><se:nombre>ALAS</se:nombre></se:producto><se:pesoNeto>735</se:pesoNeto><se:pesoBruto>777</se:pesoBruto><se:cantidad>49</se:cantidad><se:envasePrimario>BOLSAS/ BOLSITAS</se:envasePrimario><se:envaseSecundario>CAJAS</se:envaseSecundario><se:codEnvasePrimarioSENASA>6</se:codEnvasePrimarioSENASA><se:codEnvaseSecundarioSENASA>7</se:codEnvaseSecundarioSENASA><se:marca>SAPUCAI</se:marca></se:detalle><se:detalle><se:producto><se:codigoProducto>1567-89553/13</se:codigoProducto><se:nombre>ALAS</se:nombre></se:producto><se:pesoNeto>765</se:pesoNeto><se:pesoBruto>807</se:pesoBruto><se:cantidad>51</se:cantidad><se:envasePrimario>BOLSAS/ BOLSITAS</se:envasePrimario><se:envaseSecundario>CAJAS</se:envaseSecundario><se:codEnvasePrimarioSENASA>6</se:codEnvasePrimarioSENASA><se:codEnvaseSecundarioSENASA>7</se:codEnvaseSecundarioSENASA><se:marca>SAPUCAI</se:marca></se:detalle><se:detalle><se:producto><se:codigoProducto>1567-89553/13</se:codigoProducto><se:nombre>ALAS</se:nombre></se:producto><se:pesoNeto>825</se:pesoNeto><se:pesoBruto>870</se:pesoBruto><se:cantidad>55</se:cantidad><se:envasePrimario>BOLSAS/ BOLSITAS</se:envasePrimario><se:envaseSecundario>CAJAS</se:envaseSecundario><se:codEnvasePrimarioSENASA>6</se:codEnvasePrimarioSENASA><se:codEnvaseSecundarioSENASA>7</se:codEnvaseSecundarioSENASA><se:marca>SAPUCAI</se:marca></se:detalle><se:detalle><se:producto><se:codigoProducto>1567-89553/13</se:codigoProducto><se:nombre>ALAS</se:nombre></se:producto><se:pesoNeto>720</se:pesoNeto><se:pesoBruto>759</se:pesoBruto><se:cantidad>48</se:cantidad><se:envasePrimario>BOLSAS/ BOLSITAS</se:envasePrimario><se:envaseSecundario>CAJAS</se:envaseSecundario><se:codEnvasePrimarioSENASA>6</se:codEnvasePrimarioSENASA><se:codEnvaseSecundarioSENASA>7</se:codEnvaseSecundarioSENASA><se:marca>SAPUCAI</se:marca></se:detalle><se:detalle><se:producto><se:codigoProducto>1567-89553/13</se:codigoProducto><se:nombre>ALAS</se:nombre></se:producto><se:pesoNeto>1215</se:pesoNeto><se:pesoBruto>1282</se:pesoBruto><se:cantidad>81</se:cantidad><se:envasePrimario>BOLSAS/ BOLSITAS</se:envasePrimario><se:envaseSecundario>CAJAS</se:envaseSecundario><se:codEnvasePrimarioSENASA>6</se:codEnvasePrimarioSENASA><se:codEnvaseSecundarioSENASA>7</se:codEnvaseSecundarioSENASA><se:marca>SAPUCAI</se:marca></se:detalle><se:detalle><se:producto><se:codigoProducto>1567-89553/13</se:codigoProducto><se:nombre>ALAS</se:nombre></se:producto><se:pesoNeto>1035</se:pesoNeto><se:pesoBruto>1092</se:pesoBruto><se:cantidad>69</se:cantidad><se:envasePrimario>BOLSAS/ BOLSITAS</se:envasePrimario><se:envaseSecundario>CAJAS</se:envaseSecundario><se:codEnvasePrimarioSENASA>6</se:codEnvasePrimarioSENASA><se:codEnvaseSecundarioSENASA>7</se:codEnvaseSecundarioSENASA><se:marca>SAPUCAI</se:marca></se:detalle><se:detalle><se:producto><se:codigoProducto>1567-89553/13</se:codigoProducto><se:nombre>ALAS</se:nombre></se:producto><se:pesoNeto>1395</se:pesoNeto><se:pesoBruto>1473</se:pesoBruto><se:cantidad>93</se:cantidad><se:envasePrimario>BOLSAS/ BOLSITAS</se:envasePrimario><se:envaseSecundario>CAJAS</se:envaseSecundario><se:codEnvasePrimarioSENASA>6</se:codEnvasePrimarioSENASA><se:codEnvaseSecundarioSENASA>7</se:codEnvaseSecundarioSENASA><se:marca>SAPUCAI</se:marca></se:detalle><se:detalle><se:producto><se:codigoProducto>1567-89553/13</se:codigoProducto><se:nombre>ALAS</se:nombre></se:producto><se:pesoNeto>1095</se:pesoNeto><se:pesoBruto>1155</se:pesoBruto><se:cantidad>73</se:cantidad><se:envasePrimario>BOLSAS/ BOLSITAS</se:envasePrimario><se:envaseSecundario>CAJAS</se:envaseSecundario><se:codEnvasePrimarioSENASA>6</se:codEnvasePrimarioSENASA><se:codEnvaseSecundarioSENASA>7</se:codEnvaseSecundarioSENASA><se:marca>SAPUCAI</se:marca></se:detalle><se:detalle><se:producto><se:codigoProducto>1567-89553/13</se:codigoProducto><se:nombre>ALAS</se:nombre></se:producto><se:pesoNeto>1545</se:pesoNeto><se:pesoBruto>1631</se:pesoBruto><se:cantidad>103</se:cantidad><se:envasePrimario>BOLSAS/ BOLSITAS</se:envasePrimario><se:envaseSecundario>CAJAS</se:envaseSecundario><se:codEnvasePrimarioSENASA>6</se:codEnvasePrimarioSENASA><se:codEnvaseSecundarioSENASA>7</se:codEnvaseSecundarioSENASA><se:marca>SAPUCAI</se:marca></se:detalle><se:detalle><se:producto><se:codigoProducto>1567-89553/13</se:codigoProducto><se:nombre>ALAS</se:nombre></se:producto><se:pesoNeto>930</se:pesoNeto><se:pesoBruto>981</se:pesoBruto><se:cantidad>62</se:cantidad><se:envasePrimario>BOLSAS/ BOLSITAS</se:envasePrimario><se:envaseSecundario>CAJAS</se:envaseSecundario><se:codEnvasePrimarioSENASA>6</se:codEnvasePrimarioSENASA><se:codEnvaseSecundarioSENASA>7</se:codEnvaseSecundarioSENASA><se:marca>SAPUCAI</se:marca></se:detalle><se:detalle><se:producto><se:codigoProducto>1567-89553/13</se:codigoProducto><se:nombre>ALAS</se:nombre></se:producto><se:pesoNeto>855</se:pesoNeto><se:pesoBruto>902</se:pesoBruto><se:cantidad>57</se:cantidad><se:envasePrimario>BOLSAS/ BOLSITAS</se:envasePrimario><se:envaseSecundario>CAJAS</se:envaseSecundario><se:codEnvasePrimarioSENASA>6</se:codEnvasePrimarioSENASA><se:codEnvaseSecundarioSENASA>7</se:codEnvaseSecundarioSENASA><se:marca>SAPUCAI</se:marca></se:detalle><se:detalle><se:producto><se:codigoProducto>1567-89553/13</se:codigoProducto><se:nombre>ALAS</se:nombre></se:producto><se:pesoNeto>30</se:pesoNeto><se:pesoBruto>31</se:pesoBruto><se:cantidad>2</se:cantidad><se:envasePrimario>BOLSAS/ BOLSITAS</se:envasePrimario><se:envaseSecundario>CAJAS</se:envaseSecundario><se:codEnvasePrimarioSENASA>6</se:codEnvasePrimarioSENASA><se:codEnvaseSecundarioSENASA>7</se:codEnvaseSecundarioSENASA><se:marca>SAPUCAI</se:marca></se:detalle><se:detalle><se:producto><se:codigoProducto>1567-89553/13</se:codigoProducto><se:nombre>ALAS</se:nombre></se:producto><se:pesoNeto>840</se:pesoNeto><se:pesoBruto>887</se:pesoBruto><se:cantidad>56</se:cantidad><se:envasePrimario>BOLSAS/ BOLSITAS</se:envasePrimario><se:envaseSecundario>CAJAS</se:envaseSecundario><se:codEnvasePrimarioSENASA>6</se:codEnvasePrimarioSENASA><se:codEnvaseSecundarioSENASA>7</se:codEnvaseSecundarioSENASA><se:marca>SAPUCAI</se:marca></se:detalle><se:detalle><se:producto><se:codigoProducto>1567-89553/13</se:codigoProducto><se:nombre>ALAS</se:nombre></se:producto><se:pesoNeto>180</se:pesoNeto><se:pesoBruto>189</se:pesoBruto><se:cantidad>12</se:cantidad><se:envasePrimario>BOLSAS/ BOLSITAS</se:envasePrimario><se:envaseSecundario>CAJAS</se:envaseSecundario><se:codEnvasePrimarioSENASA>6</se:codEnvasePrimarioSENASA><se:codEnvaseSecundarioSENASA>7</se:codEnvaseSecundarioSENASA><se:marca>SAPUCAI</se:marca></se:detalle><se:detalle><se:producto><se:codigoProducto>1567-89553/13</se:codigoProducto><se:nombre>ALAS</se:nombre></se:producto><se:pesoNeto>750</se:pesoNeto><se:pesoBruto>791</se:pesoBruto><se:cantidad>50</se:cantidad><se:envasePrimario>BOLSAS/ BOLSITAS</se:envasePrimario><se:envaseSecundario>CAJAS</se:envaseSecundario><se:codEnvasePrimarioSENASA>6</se:codEnvasePrimarioSENASA><se:codEnvaseSecundarioSENASA>7</se:codEnvaseSecundarioSENASA><se:marca>SAPUCAI</se:marca></se:detalle></se:detalles><se:precintoSENASA>1</se:precintoSENASA><se:destinatarioNombre>FRIODOCK</se:destinatarioNombre><se:exportador>8122</se:exportador><se:camion><se:tipoDeTransporte>TE</se:tipoDeTransporte><se:patenteCamion>EHD743 / IHZ126</se:patenteCamion></se:camion><se:medioDeTransporte><se:tipoDeTransporte>MA</se:tipoDeTransporte><se:nombreBuque>EVER LIBRA</se:nombreBuque></se:medioDeTransporte><se:remitoNumero>0003-202710</se:remitoNumero><se:temperatura>-18</se:temperatura><se:territorio>AR-1</se:territorio><se:numeroContenedor>TTNU864538-6</se:numeroContenedor><se:rolDelEstablecimiento>FAENADOR</se:rolDelEstablecimiento></se:solicitud>
