<?xml version="1.0" encoding="utf-8" standalone="yes"?>
<se:solicitud xmlns:se="http://www.senasa.gov.ar/solicitud" xmlns:xsi="http://www.w3.org/2001/XMLSchema-instance" xsi:schemaLocation="http://www.senasa.gov.ar/solicitud solicitudCertCarnicos.xsd"><se:version>1.0.1</se:version><se:tropasPorProducto>true</se:tropasPorProducto><se:paisDestino>43</se:paisDestino><se:establecimiento>1567</se:establecimiento><se:detalles><se:detalle><se:producto><se:codigoProducto>1567-92336/2</se:codigoProducto><se:nombre>ALAS</se:nombre></se:producto><se:tropa fechaDeElaboracion="2020-01-02" fechaDeFaena="2020-01-02" fechaDeVencimiento="2021-01-02" lote="200102"/><se:pesoNeto>966</se:pesoNeto><se:pesoBruto>650</se:pesoBruto><se:cantidad>110</se:cantidad><se:envasePrimario>CAJÓN</se:envasePrimario><se:envaseSecundario>CAJÓN</se:envaseSecundario><se:codEnvasePrimarioSENASA>8</se:codEnvasePrimarioSENASA><se:codEnvaseSecundarioSENASA>8</se:codEnvaseSecundarioSENASA><se:marca>SAPUCAI</se:marca></se:detalle><se:detalle><se:producto><se:codigoProducto>1567-92336/2</se:codigoProducto><se:nombre>ALAS</se:nombre></se:producto><se:tropa fechaDeElaboracion="2020-01-16" fechaDeFaena="2020-01-16" fechaDeVencimiento="2021-01-16" lote="200116"/><se:pesoNeto>170</se:pesoNeto><se:pesoBruto>170</se:pesoBruto><se:cantidad>170</se:cantidad><se:envasePrimario>CAJÓN</se:envasePrimario><se:envaseSecundario>CAJÓN</se:envaseSecundario><se:codEnvasePrimarioSENASA>8</se:codEnvasePrimarioSENASA><se:codEnvaseSecundarioSENASA>8</se:codEnvaseSecundarioSENASA><se:marca>SAPUCAI</se:marca></se:detalle><se:detalle><se:producto><se:codigoProducto>1567-92336/2</se:codigoProducto><se:nombre>ALAS</se:nombre></se:producto><se:tropa fechaDeElaboracion="2020-01-20" fechaDeFaena="2020-01-20" fechaDeVencimiento="2021-01-20" lote="200120"/><se:pesoNeto>20</se:pesoNeto><se:pesoBruto>20</se:pesoBruto><se:cantidad>20</se:cantidad><se:envasePrimario>CAJÓN</se:envasePrimario><se:envaseSecundario>CAJÓN</se:envaseSecundario><se:codEnvasePrimarioSENASA>8</se:codEnvasePrimarioSENASA><se:codEnvaseSecundarioSENASA>8</se:codEnvaseSecundarioSENASA><se:marca>SAPUCAI</se:marca></se:detalle><se:detalle><se:producto><se:codigoProducto>1567-92336/2</se:codigoProducto><se:nombre>ALAS</se:nombre></se:producto><se:tropa fechaDeElaboracion="2020-02-05" fechaDeFaena="2020-02-05" fechaDeVencimiento="2021-02-05" lote="200205"/><se:pesoNeto>10</se:pesoNeto><se:pesoBruto>10</se:pesoBruto><se:cantidad>10</se:cantidad><se:envasePrimario>CAJÓN</se:envasePrimario><se:envaseSecundario>CAJÓN</se:envaseSecundario><se:codEnvasePrimarioSENASA>8</se:codEnvasePrimarioSENASA><se:codEnvaseSecundarioSENASA>8</se:codEnvaseSecundarioSENASA><se:marca>SAPUCAI</se:marca></se:detalle></se:detalles><se:precintoSENASA>1</se:precintoSENASA><se:destinatarioNombre>FRIODOCK</se:destinatarioNombre><se:exportador>8122</se:exportador><se:camion><se:patenteCamion>NON496 / AE203NY</se:patenteCamion></se:camion><se:medioDeTransporte><se:tipoDeTransporte>MA</se:tipoDeTransporte><se:nombreBuque>MAERSK ROYAL</se:nombreBuque></se:medioDeTransporte><se:remitoNumero>0003-199985</se:remitoNumero><se:temperatura>-18</se:temperatura><se:territorio>AR-1</se:territorio><se:numeroContenedor>MNBU9085656</se:numeroContenedor><se:rolDelEstablecimiento>FAENADOR</se:rolDelEstablecimiento></se:solicitud>
