<?xml version="1.0" encoding="utf-8" standalone="yes"?>
<se:solicitud xmlns:se="http://www.senasa.gov.ar/solicitud" xmlns:xsi="http://www.w3.org/2001/XMLSchema-instance" xsi:schemaLocation="http://www.senasa.gov.ar/solicitud solicitudCertCarnicos.xsd"><se:version>1.0.1</se:version><se:tropasPorProducto>true</se:tropasPorProducto><se:paisDestino>9</se:paisDestino><se:establecimiento>1567</se:establecimiento><se:lugarDestino>la matanza</se:lugarDestino><se:detalles><se:detalle><se:producto><se:codigoProducto>111056/1</se:codigoProducto></se:producto><se:tropa fechaDeCongelado="2020-04-26" fechaDeElaboracion="2020-04-26" fechaDeFaena="2020-04-26" fechaDeVencimiento="2020-04-26" numeroTropa="433t" lote="3453"/><se:pesoNeto>23</se:pesoNeto><se:pesoBruto>25</se:pesoBruto><se:cantidad>10</se:cantidad><se:envasePrimario>BOLSAS/ BOLSITAS</se:envasePrimario><se:envaseSecundario>BOLSAS/ BOLSITAS</se:envaseSecundario><se:codEnvasePrimarioSENASA>6</se:codEnvasePrimarioSENASA><se:codEnvaseSecundarioSENASA>6</se:codEnvaseSecundarioSENASA><se:marca>SAPUCAI</se:marca></se:detalle><se:detalle><se:producto><se:codigoProducto>92336/2</se:codigoProducto></se:producto><se:tropa fechaDeCongelado="2020-04-26" fechaDeElaboracion="2020-04-26" fechaDeFaena="2020-04-26" fechaDeVencimiento="2020-04-26" numeroTropa="433t" lote="3453"/><se:pesoNeto>663</se:pesoNeto><se:pesoBruto>669</se:pesoBruto><se:cantidad>26</se:cantidad><se:envasePrimario>BOLSAS/ BOLSITAS</se:envasePrimario><se:envaseSecundario>BOLSAS/ BOLSITAS</se:envaseSecundario><se:codEnvasePrimarioSENASA>6</se:codEnvasePrimarioSENASA><se:codEnvaseSecundarioSENASA>6</se:codEnvaseSecundarioSENASA><se:marca>SAPUCAI</se:marca></se:detalle><se:detalle><se:producto><se:codigoProducto>113866/1</se:codigoProducto></se:producto><se:tropa fechaDeCongelado="2020-04-26" fechaDeElaboracion="2020-04-26" fechaDeFaena="2020-04-26" fechaDeVencimiento="2020-04-26" numeroTropa="433t" lote="3453"/><se:pesoNeto>656</se:pesoNeto><se:pesoBruto>66</se:pesoBruto><se:cantidad>326</se:cantidad><se:envasePrimario>BOLSAS/ BOLSITAS</se:envasePrimario><se:envaseSecundario>CAJÓN</se:envaseSecundario><se:codEnvasePrimarioSENASA>6</se:codEnvasePrimarioSENASA><se:codEnvaseSecundarioSENASA>8</se:codEnvaseSecundarioSENASA><se:marca>SAPUCAI</se:marca></se:detalle></se:detalles><se:precintoSENASA>32659894/9895/9896</se:precintoSENASA><se:camion><se:tipoDeTransporte>TE</se:tipoDeTransporte><se:patenteCamion>KTG089</se:patenteCamion><se:habilitacionTransporte>2-76222</se:habilitacionTransporte></se:camion><se:temperatura>0</se:temperatura><se:territorio>AR-1</se:territorio><se:rolDelEstablecimiento>FAENADOR</se:rolDelEstablecimiento></se:solicitud>
