<?xml version="1.0" encoding="utf-8" standalone="yes"?>
<se:solicitud xmlns:se="http://www.senasa.gov.ar/solicitud" xmlns:xsi="http://www.w3.org/2001/XMLSchema-instance" xsi:schemaLocation="http://www.senasa.gov.ar/solicitud solicitudCertCarnicos.xsd"><se:version>1.0.1</se:version><se:tropasPorProducto>true</se:tropasPorProducto><se:paisDestino>43</se:paisDestino><se:establecimiento>1567</se:establecimiento><se:detalles><se:detalle><se:producto><se:codigoProducto>1567-89553/13</se:codigoProducto><se:nombre>ALAS</se:nombre></se:producto><se:tropa fechaDeElaboracion="2020-01-02" fechaDeFaena="2020-01-02" fechaDeVencimiento="2021-01-02" numeroTropa="200102" lote="200102"/><se:pesoNeto>375</se:pesoNeto><se:pesoBruto>439</se:pesoBruto><se:cantidad>25</se:cantidad><se:envasePrimario>BOLSAS/ BOLSITAS</se:envasePrimario><se:envaseSecundario>BOLSAS/ BOLSITAS</se:envaseSecundario><se:codEnvasePrimarioSENASA>6</se:codEnvasePrimarioSENASA><se:codEnvaseSecundarioSENASA>6</se:codEnvaseSecundarioSENASA><se:marca>SAPUCAI</se:marca></se:detalle><se:detalle><se:producto><se:codigoProducto>1567-89553/13</se:codigoProducto><se:nombre>ALAS</se:nombre></se:producto><se:tropa fechaDeElaboracion="2020-01-06" fechaDeFaena="2020-01-06" fechaDeVencimiento="2021-01-06" numeroTropa="200106" lote="200106"/><se:pesoNeto>1395</se:pesoNeto><se:pesoBruto>1458</se:pesoBruto><se:cantidad>93</se:cantidad><se:envasePrimario>BOLSAS/ BOLSITAS</se:envasePrimario><se:envaseSecundario>BOLSAS/ BOLSITAS</se:envaseSecundario><se:codEnvasePrimarioSENASA>6</se:codEnvasePrimarioSENASA><se:codEnvaseSecundarioSENASA>6</se:codEnvaseSecundarioSENASA><se:marca>SAPUCAI</se:marca></se:detalle><se:detalle><se:producto><se:codigoProducto>1567-89553/13</se:codigoProducto><se:nombre>ALAS</se:nombre></se:producto><se:tropa fechaDeElaboracion="2020-01-17" fechaDeFaena="2020-01-17" fechaDeVencimiento="2021-01-17" numeroTropa="200117" lote="200117"/><se:pesoNeto>240</se:pesoNeto><se:pesoBruto>303</se:pesoBruto><se:cantidad>16</se:cantidad><se:envasePrimario>BOLSAS/ BOLSITAS</se:envasePrimario><se:envaseSecundario>BOLSAS/ BOLSITAS</se:envaseSecundario><se:codEnvasePrimarioSENASA>6</se:codEnvasePrimarioSENASA><se:codEnvaseSecundarioSENASA>6</se:codEnvaseSecundarioSENASA><se:marca>SAPUCAI</se:marca></se:detalle><se:detalle><se:producto><se:codigoProducto>1567-89553/13</se:codigoProducto><se:nombre>ALAS</se:nombre></se:producto><se:tropa fechaDeElaboracion="2020-04-14" fechaDeFaena="2020-04-14" fechaDeVencimiento="2021-04-14" numeroTropa="200414" lote="200414"/><se:pesoNeto>60</se:pesoNeto><se:pesoBruto>123</se:pesoBruto><se:cantidad>4</se:cantidad><se:envasePrimario>BOLSAS/ BOLSITAS</se:envasePrimario><se:envaseSecundario>BOLSAS/ BOLSITAS</se:envaseSecundario><se:codEnvasePrimarioSENASA>6</se:codEnvasePrimarioSENASA><se:codEnvaseSecundarioSENASA>6</se:codEnvaseSecundarioSENASA><se:marca>SAPUCAI</se:marca></se:detalle><se:detalle><se:producto><se:codigoProducto>1567-89553/13</se:codigoProducto><se:nombre>ALAS</se:nombre></se:producto><se:tropa fechaDeElaboracion="2020-04-16" fechaDeFaena="2020-04-16" fechaDeVencimiento="2021-04-16" numeroTropa="200416" lote="200416"/><se:pesoNeto>1605</se:pesoNeto><se:pesoBruto>1668</se:pesoBruto><se:cantidad>107</se:cantidad><se:envasePrimario>BOLSAS/ BOLSITAS</se:envasePrimario><se:envaseSecundario>BOLSAS/ BOLSITAS</se:envaseSecundario><se:codEnvasePrimarioSENASA>6</se:codEnvasePrimarioSENASA><se:codEnvaseSecundarioSENASA>6</se:codEnvaseSecundarioSENASA><se:marca>SAPUCAI</se:marca></se:detalle><se:detalle><se:producto><se:codigoProducto>1567-89553/13</se:codigoProducto><se:nombre>ALAS</se:nombre></se:producto><se:tropa fechaDeElaboracion="2020-04-17" fechaDeFaena="2020-04-17" fechaDeVencimiento="2021-04-17" numeroTropa="200417" lote="200417"/><se:pesoNeto>1230</se:pesoNeto><se:pesoBruto>1293</se:pesoBruto><se:cantidad>82</se:cantidad><se:envasePrimario>BOLSAS/ BOLSITAS</se:envasePrimario><se:envaseSecundario>BOLSAS/ BOLSITAS</se:envaseSecundario><se:codEnvasePrimarioSENASA>6</se:codEnvasePrimarioSENASA><se:codEnvaseSecundarioSENASA>6</se:codEnvaseSecundarioSENASA><se:marca>SAPUCAI</se:marca></se:detalle><se:detalle><se:producto><se:codigoProducto>1567-89553/13</se:codigoProducto><se:nombre>ALAS</se:nombre></se:producto><se:tropa fechaDeElaboracion="2020-04-20" fechaDeFaena="2020-04-20" fechaDeVencimiento="2021-04-20" numeroTropa="200420" lote="200420"/><se:pesoNeto>1425</se:pesoNeto><se:pesoBruto>1488</se:pesoBruto><se:cantidad>95</se:cantidad><se:envasePrimario>CAJÓN</se:envasePrimario><se:envaseSecundario>Caja</se:envaseSecundario><se:codEnvasePrimarioSENASA>8</se:codEnvasePrimarioSENASA><se:codEnvaseSecundarioSENASA>7</se:codEnvaseSecundarioSENASA><se:marca>SAPUCAI</se:marca></se:detalle><se:detalle><se:producto><se:codigoProducto>1567-89553/13</se:codigoProducto><se:nombre>ALAS</se:nombre></se:producto><se:tropa fechaDeElaboracion="2020-04-21" fechaDeFaena="2020-04-21" fechaDeVencimiento="2021-04-21" numeroTropa="200421" lote="200421"/><se:pesoNeto>960</se:pesoNeto><se:pesoBruto>1023</se:pesoBruto><se:cantidad>64</se:cantidad><se:envasePrimario>CAJÓN</se:envasePrimario><se:envaseSecundario>Caja</se:envaseSecundario><se:codEnvasePrimarioSENASA>8</se:codEnvasePrimarioSENASA><se:codEnvaseSecundarioSENASA>7</se:codEnvaseSecundarioSENASA><se:marca>SAPUCAI</se:marca></se:detalle><se:detalle><se:producto><se:codigoProducto>1567-89553/13</se:codigoProducto><se:nombre>ALAS</se:nombre></se:producto><se:tropa fechaDeElaboracion="2020-04-22" fechaDeFaena="2020-04-22" fechaDeVencimiento="2021-04-22" numeroTropa="200422" lote="200422"/><se:pesoNeto>975</se:pesoNeto><se:pesoBruto>1038</se:pesoBruto><se:cantidad>65</se:cantidad><se:envasePrimario>CAJÓN</se:envasePrimario><se:envaseSecundario>Caja</se:envaseSecundario><se:codEnvasePrimarioSENASA>8</se:codEnvasePrimarioSENASA><se:codEnvaseSecundarioSENASA>7</se:codEnvaseSecundarioSENASA><se:marca>SAPUCAI</se:marca></se:detalle><se:detalle><se:producto><se:codigoProducto>1567-89553/13</se:codigoProducto><se:nombre>ALAS</se:nombre></se:producto><se:tropa fechaDeElaboracion="2020-04-23" fechaDeFaena="2020-04-23" fechaDeVencimiento="2021-04-23" numeroTropa="200423" lote="200423"/><se:pesoNeto>555</se:pesoNeto><se:pesoBruto>618</se:pesoBruto><se:cantidad>37</se:cantidad><se:envasePrimario>CAJÓN</se:envasePrimario><se:envaseSecundario>Caja</se:envaseSecundario><se:codEnvasePrimarioSENASA>8</se:codEnvasePrimarioSENASA><se:codEnvaseSecundarioSENASA>7</se:codEnvaseSecundarioSENASA><se:marca>SAPUCAI</se:marca></se:detalle><se:detalle><se:producto><se:codigoProducto>1567-89553/13</se:codigoProducto><se:nombre>ALAS</se:nombre></se:producto><se:tropa fechaDeElaboracion="2020-04-24" fechaDeFaena="2020-04-24" fechaDeVencimiento="2021-04-24" numeroTropa="200424" lote="200424"/><se:pesoNeto>1230</se:pesoNeto><se:pesoBruto>1293</se:pesoBruto><se:cantidad>82</se:cantidad><se:envasePrimario>CAJÓN</se:envasePrimario><se:envaseSecundario>Caja</se:envaseSecundario><se:codEnvasePrimarioSENASA>8</se:codEnvasePrimarioSENASA><se:codEnvaseSecundarioSENASA>7</se:codEnvaseSecundarioSENASA><se:marca>SAPUCAI</se:marca></se:detalle><se:detalle><se:producto><se:codigoProducto>1567-89553/13</se:codigoProducto><se:nombre>ALAS</se:nombre></se:producto><se:tropa fechaDeElaboracion="2020-04-27" fechaDeFaena="2020-04-27" fechaDeVencimiento="2021-04-27" numeroTropa="200427" lote="200427"/><se:pesoNeto>1035</se:pesoNeto><se:pesoBruto>1098</se:pesoBruto><se:cantidad>69</se:cantidad><se:envasePrimario>CAJÓN</se:envasePrimario><se:envaseSecundario>Caja</se:envaseSecundario><se:codEnvasePrimarioSENASA>8</se:codEnvasePrimarioSENASA><se:codEnvaseSecundarioSENASA>7</se:codEnvaseSecundarioSENASA><se:marca>SAPUCAI</se:marca></se:detalle><se:detalle><se:producto><se:codigoProducto>1567-89553/13</se:codigoProducto><se:nombre>ALAS</se:nombre></se:producto><se:tropa fechaDeElaboracion="2020-04-29" fechaDeFaena="2020-04-29" fechaDeVencimiento="2021-04-29" numeroTropa="200429" lote="200429"/><se:pesoNeto>1635</se:pesoNeto><se:pesoBruto>1698</se:pesoBruto><se:cantidad>109</se:cantidad><se:envasePrimario>CAJÓN</se:envasePrimario><se:envaseSecundario>Caja</se:envaseSecundario><se:codEnvasePrimarioSENASA>8</se:codEnvasePrimarioSENASA><se:codEnvaseSecundarioSENASA>7</se:codEnvaseSecundarioSENASA><se:marca>SAPUCAI</se:marca></se:detalle><se:detalle><se:producto><se:codigoProducto>1567-89553/13</se:codigoProducto><se:nombre>ALAS</se:nombre></se:producto><se:tropa fechaDeElaboracion="2020-04-30" fechaDeFaena="2020-04-30" fechaDeVencimiento="2021-04-30" numeroTropa="200430" lote="200430"/><se:pesoNeto>945</se:pesoNeto><se:pesoBruto>1008</se:pesoBruto><se:cantidad>63</se:cantidad><se:envasePrimario>CAJÓN</se:envasePrimario><se:envaseSecundario>Caja</se:envaseSecundario><se:codEnvasePrimarioSENASA>8</se:codEnvasePrimarioSENASA><se:codEnvaseSecundarioSENASA>7</se:codEnvaseSecundarioSENASA><se:marca>SAPUCAI</se:marca></se:detalle><se:detalle><se:producto><se:codigoProducto>1567-89553/13</se:codigoProducto><se:nombre>ALAS</se:nombre></se:producto><se:tropa fechaDeElaboracion="2020-05-04" fechaDeFaena="2020-05-04" fechaDeVencimiento="2021-05-04" numeroTropa="200504" lote="200504"/><se:pesoNeto>780</se:pesoNeto><se:pesoBruto>843</se:pesoBruto><se:cantidad>52</se:cantidad><se:envasePrimario>CAJÓN</se:envasePrimario><se:envaseSecundario>Caja</se:envaseSecundario><se:codEnvasePrimarioSENASA>8</se:codEnvasePrimarioSENASA><se:codEnvaseSecundarioSENASA>7</se:codEnvaseSecundarioSENASA><se:marca>SAPUCAI</se:marca></se:detalle><se:detalle><se:producto><se:codigoProducto>1567-89553/13</se:codigoProducto><se:nombre>ALAS</se:nombre></se:producto><se:tropa fechaDeElaboracion="2020-05-05" fechaDeFaena="2020-05-05" fechaDeVencimiento="2021-05-05" numeroTropa="200505" lote="200505"/><se:pesoNeto>1470</se:pesoNeto><se:pesoBruto>1533</se:pesoBruto><se:cantidad>98</se:cantidad><se:envasePrimario>CAJÓN</se:envasePrimario><se:envaseSecundario>Caja</se:envaseSecundario><se:codEnvasePrimarioSENASA>8</se:codEnvasePrimarioSENASA><se:codEnvaseSecundarioSENASA>7</se:codEnvaseSecundarioSENASA><se:marca>SAPUCAI</se:marca></se:detalle><se:detalle><se:producto><se:codigoProducto>1567-89553/13</se:codigoProducto><se:nombre>ALAS</se:nombre></se:producto><se:tropa fechaDeElaboracion="2020-05-06" fechaDeFaena="2020-05-06" fechaDeVencimiento="2021-05-06" numeroTropa="200506" lote="200506"/><se:pesoNeto>1140</se:pesoNeto><se:pesoBruto>1203</se:pesoBruto><se:cantidad>76</se:cantidad><se:envasePrimario>CAJÓN</se:envasePrimario><se:envaseSecundario>Caja</se:envaseSecundario><se:codEnvasePrimarioSENASA>8</se:codEnvasePrimarioSENASA><se:codEnvaseSecundarioSENASA>7</se:codEnvaseSecundarioSENASA><se:marca>SAPUCAI</se:marca></se:detalle><se:detalle><se:producto><se:codigoProducto>1567-89553/13</se:codigoProducto><se:nombre>ALAS</se:nombre></se:producto><se:tropa fechaDeElaboracion="2020-05-07" fechaDeFaena="2020-05-07" fechaDeVencimiento="2021-05-07" numeroTropa="200507" lote="200507"/><se:pesoNeto>1620</se:pesoNeto><se:pesoBruto>1683</se:pesoBruto><se:cantidad>108</se:cantidad><se:envasePrimario>CAJÓN</se:envasePrimario><se:envaseSecundario>Caja</se:envaseSecundario><se:codEnvasePrimarioSENASA>8</se:codEnvasePrimarioSENASA><se:codEnvaseSecundarioSENASA>7</se:codEnvaseSecundarioSENASA><se:marca>SAPUCAI</se:marca></se:detalle><se:detalle><se:producto><se:codigoProducto>1567-89553/13</se:codigoProducto><se:nombre>ALAS</se:nombre></se:producto><se:tropa fechaDeElaboracion="2020-05-08" fechaDeFaena="2020-05-08" fechaDeVencimiento="2021-05-08" numeroTropa="200508" lote="200508"/><se:pesoNeto>1635</se:pesoNeto><se:pesoBruto>1698</se:pesoBruto><se:cantidad>109</se:cantidad><se:envasePrimario>CAJÓN</se:envasePrimario><se:envaseSecundario>Caja</se:envaseSecundario><se:codEnvasePrimarioSENASA>8</se:codEnvasePrimarioSENASA><se:codEnvaseSecundarioSENASA>7</se:codEnvaseSecundarioSENASA><se:marca>SAPUCAI</se:marca></se:detalle><se:detalle><se:producto><se:codigoProducto>1567-89553/13</se:codigoProducto><se:nombre>ALAS</se:nombre></se:producto><se:tropa fechaDeElaboracion="2020-05-11" fechaDeFaena="2020-05-11" fechaDeVencimiento="2021-05-11" numeroTropa="200511" lote="200511"/><se:pesoNeto>1935</se:pesoNeto><se:pesoBruto>1998</se:pesoBruto><se:cantidad>129</se:cantidad><se:envasePrimario>CAJÓN</se:envasePrimario><se:envaseSecundario>Caja</se:envaseSecundario><se:codEnvasePrimarioSENASA>8</se:codEnvasePrimarioSENASA><se:codEnvaseSecundarioSENASA>7</se:codEnvaseSecundarioSENASA><se:marca>SAPUCAI</se:marca></se:detalle><se:detalle><se:producto><se:codigoProducto>1567-89553/13</se:codigoProducto><se:nombre>ALAS</se:nombre></se:producto><se:tropa fechaDeElaboracion="2020-05-12" fechaDeFaena="2020-05-12" fechaDeVencimiento="2021-05-12" numeroTropa="200512" lote="200512"/><se:pesoNeto>1785</se:pesoNeto><se:pesoBruto>1848</se:pesoBruto><se:cantidad>119</se:cantidad><se:envasePrimario>CAJÓN</se:envasePrimario><se:envaseSecundario>Caja</se:envaseSecundario><se:codEnvasePrimarioSENASA>8</se:codEnvasePrimarioSENASA><se:codEnvaseSecundarioSENASA>7</se:codEnvaseSecundarioSENASA><se:marca>SAPUCAI</se:marca></se:detalle><se:detalle><se:producto><se:codigoProducto>1567-89553/13</se:codigoProducto><se:nombre>ALAS</se:nombre></se:producto><se:tropa fechaDeElaboracion="2020-05-13" fechaDeFaena="2020-05-13" fechaDeVencimiento="2021-05-13" numeroTropa="200513" lote="200513"/><se:pesoNeto>1770</se:pesoNeto><se:pesoBruto>1828</se:pesoBruto><se:cantidad>118</se:cantidad><se:envasePrimario>CAJÓN</se:envasePrimario><se:envaseSecundario>Caja</se:envaseSecundario><se:codEnvasePrimarioSENASA>8</se:codEnvasePrimarioSENASA><se:codEnvaseSecundarioSENASA>7</se:codEnvaseSecundarioSENASA><se:marca>SAPUCAI</se:marca></se:detalle><se:detalle><se:producto><se:codigoProducto>1567-89553/13</se:codigoProducto><se:nombre>ALAS</se:nombre></se:producto><se:tropa fechaDeElaboracion="2020-05-14" fechaDeFaena="2020-05-14" fechaDeVencimiento="2021-05-14" numeroTropa="200514" lote="200514"/><se:pesoNeto>165</se:pesoNeto><se:pesoBruto>221</se:pesoBruto><se:cantidad>11</se:cantidad><se:envasePrimario>CAJÓN</se:envasePrimario><se:envaseSecundario>Caja</se:envaseSecundario><se:codEnvasePrimarioSENASA>8</se:codEnvasePrimarioSENASA><se:codEnvaseSecundarioSENASA>7</se:codEnvaseSecundarioSENASA><se:marca>SAPUCAI</se:marca></se:detalle><se:detalle><se:producto><se:codigoProducto>1567-89553/13</se:codigoProducto><se:nombre>ALAS</se:nombre></se:producto><se:tropa fechaDeElaboracion="2020-04-28" fechaDeFaena="2020-04-28" fechaDeVencimiento="2021-04-28" numeroTropa="200428" lote="200428"/><se:pesoNeto>1035</se:pesoNeto><se:pesoBruto>1097</se:pesoBruto><se:cantidad>69</se:cantidad><se:envasePrimario>CAJÓN</se:envasePrimario><se:envaseSecundario>Caja</se:envaseSecundario><se:codEnvasePrimarioSENASA>8</se:codEnvasePrimarioSENASA><se:codEnvaseSecundarioSENASA>7</se:codEnvaseSecundarioSENASA><se:marca>SAPUCAI</se:marca></se:detalle></se:detalles><se:precintoSENASA>1</se:precintoSENASA><se:destinatarioNombre>FRIODOCK</se:destinatarioNombre><se:exportador>8122</se:exportador><se:camion><se:tipoDeTransporte>TE</se:tipoDeTransporte><se:patenteCamion>KQI380 / HJE284</se:patenteCamion></se:camion><se:medioDeTransporte><se:tipoDeTransporte>MA</se:tipoDeTransporte><se:nombreBuque>SEAMAX ROWAYTON</se:nombreBuque></se:medioDeTransporte><se:remitoNumero>0001</se:remitoNumero><se:temperatura>-18</se:temperatura><se:territorio>AR-1</se:territorio><se:numeroContenedor>TRIU803458-7</se:numeroContenedor><se:rolDelEstablecimiento>FAENADOR</se:rolDelEstablecimiento></se:solicitud>
