<?xml version="1.0" encoding="utf-8" standalone="yes"?>
<se:solicitud xmlns:se="http://www.senasa.gov.ar/solicitud" xmlns:xsi="http://www.w3.org/2001/XMLSchema-instance" xsi:schemaLocation="http://www.senasa.gov.ar/solicitud solicitudCertCarnicos.xsd"><se:version>1.0.1</se:version><se:tropasPorProducto>true</se:tropasPorProducto><se:paisDestino>43</se:paisDestino><se:establecimiento>1567</se:establecimiento><se:detalles><se:detalle><se:producto><se:codigoProducto>1567-91828/2</se:codigoProducto><se:nombre>Garras de Pollo Congeladas</se:nombre></se:producto><se:tropa fechaDeElaboracion="2020-05-22" fechaDeFaena="2020-05-22" fechaDeVencimiento="2021-05-22" numeroTropa="20200522" lote="20200522"/><se:pesoNeto>75</se:pesoNeto><se:pesoBruto>87</se:pesoBruto><se:cantidad>5</se:cantidad><se:envasePrimario>BOLSAS/ BOLSITAS</se:envasePrimario><se:envaseSecundario>CAJAS</se:envaseSecundario><se:codEnvasePrimarioSENASA>6</se:codEnvasePrimarioSENASA><se:codEnvaseSecundarioSENASA>7</se:codEnvaseSecundarioSENASA><se:marca>Sapucai</se:marca></se:detalle><se:detalle><se:producto><se:codigoProducto>1567-91828/2</se:codigoProducto><se:nombre>Garras de Pollo Congeladas</se:nombre></se:producto><se:tropa fechaDeElaboracion="2020-05-27" fechaDeFaena="2020-05-27" fechaDeVencimiento="2021-05-27" numeroTropa="20200527" lote="20200527"/><se:pesoNeto>255</se:pesoNeto><se:pesoBruto>272</se:pesoBruto><se:cantidad>17</se:cantidad><se:envasePrimario>BOLSAS/ BOLSITAS</se:envasePrimario><se:envaseSecundario>CAJAS</se:envaseSecundario><se:codEnvasePrimarioSENASA>6</se:codEnvasePrimarioSENASA><se:codEnvaseSecundarioSENASA>7</se:codEnvaseSecundarioSENASA><se:marca>Sapucai</se:marca></se:detalle><se:detalle><se:producto><se:codigoProducto>1567-91828/2</se:codigoProducto><se:nombre>Garras de Pollo Congeladas</se:nombre></se:producto><se:tropa fechaDeElaboracion="2020-05-28" fechaDeFaena="2020-05-28" fechaDeVencimiento="2021-05-28" numeroTropa="20200528" lote="20200528"/><se:pesoNeto>525</se:pesoNeto><se:pesoBruto>553</se:pesoBruto><se:cantidad>35</se:cantidad><se:envasePrimario>BOLSAS/ BOLSITAS</se:envasePrimario><se:envaseSecundario>CAJAS</se:envaseSecundario><se:codEnvasePrimarioSENASA>6</se:codEnvasePrimarioSENASA><se:codEnvaseSecundarioSENASA>7</se:codEnvaseSecundarioSENASA><se:marca>Sapucai</se:marca></se:detalle><se:detalle><se:producto><se:codigoProducto>1567-91828/2</se:codigoProducto><se:nombre>Garras de Pollo Congeladas</se:nombre></se:producto><se:tropa fechaDeElaboracion="2020-05-29" fechaDeFaena="2020-05-29" fechaDeVencimiento="2021-05-29" numeroTropa="20200529" lote="20200529"/><se:pesoNeto>585</se:pesoNeto><se:pesoBruto>618</se:pesoBruto><se:cantidad>39</se:cantidad><se:envasePrimario>BOLSAS/ BOLSITAS</se:envasePrimario><se:envaseSecundario>CAJAS</se:envaseSecundario><se:codEnvasePrimarioSENASA>6</se:codEnvasePrimarioSENASA><se:codEnvaseSecundarioSENASA>7</se:codEnvaseSecundarioSENASA><se:marca>Sapucai</se:marca></se:detalle><se:detalle><se:producto><se:codigoProducto>1567-91828/2</se:codigoProducto><se:nombre>Garras de Pollo Congeladas</se:nombre></se:producto><se:tropa fechaDeElaboracion="2020-06-01" fechaDeFaena="2020-06-01" fechaDeVencimiento="2021-06-01" numeroTropa="20200601" lote="20200601"/><se:pesoNeto>795</se:pesoNeto><se:pesoBruto>839</se:pesoBruto><se:cantidad>53</se:cantidad><se:envasePrimario>BOLSAS/ BOLSITAS</se:envasePrimario><se:envaseSecundario>CAJAS</se:envaseSecundario><se:codEnvasePrimarioSENASA>6</se:codEnvasePrimarioSENASA><se:codEnvaseSecundarioSENASA>7</se:codEnvaseSecundarioSENASA><se:marca>Sapucai</se:marca></se:detalle><se:detalle><se:producto><se:codigoProducto>1567-91828/2</se:codigoProducto><se:nombre>Garras de Pollo Congeladas</se:nombre></se:producto><se:tropa fechaDeElaboracion="2020-06-02" fechaDeFaena="2020-06-02" fechaDeVencimiento="2021-06-02" numeroTropa="20200602" lote="20200602"/><se:pesoNeto>840</se:pesoNeto><se:pesoBruto>888</se:pesoBruto><se:cantidad>56</se:cantidad><se:envasePrimario>BOLSAS/ BOLSITAS</se:envasePrimario><se:envaseSecundario>CAJAS</se:envaseSecundario><se:codEnvasePrimarioSENASA>6</se:codEnvasePrimarioSENASA><se:codEnvaseSecundarioSENASA>7</se:codEnvaseSecundarioSENASA><se:marca>Sapucai</se:marca></se:detalle><se:detalle><se:producto><se:codigoProducto>1567-91828/2</se:codigoProducto><se:nombre>Garras de Pollo Congeladas</se:nombre></se:producto><se:tropa fechaDeElaboracion="2020-06-03" fechaDeFaena="2020-06-03" fechaDeVencimiento="2021-06-03" numeroTropa="20200603" lote="20200603"/><se:pesoNeto>990</se:pesoNeto><se:pesoBruto>1045</se:pesoBruto><se:cantidad>66</se:cantidad><se:envasePrimario>BOLSAS/ BOLSITAS</se:envasePrimario><se:envaseSecundario>CAJAS</se:envaseSecundario><se:codEnvasePrimarioSENASA>6</se:codEnvasePrimarioSENASA><se:codEnvaseSecundarioSENASA>7</se:codEnvaseSecundarioSENASA><se:marca>Sapucai</se:marca></se:detalle><se:detalle><se:producto><se:codigoProducto>1567-91828/2</se:codigoProducto><se:nombre>Garras de Pollo Congeladas</se:nombre></se:producto><se:tropa fechaDeElaboracion="2020-06-04" fechaDeFaena="2020-06-04" fechaDeVencimiento="2021-06-04" numeroTropa="20200604" lote="20200604"/><se:pesoNeto>375</se:pesoNeto><se:pesoBruto>402</se:pesoBruto><se:cantidad>25</se:cantidad><se:envasePrimario>BOLSAS/ BOLSITAS</se:envasePrimario><se:envaseSecundario>CAJAS</se:envaseSecundario><se:codEnvasePrimarioSENASA>6</se:codEnvasePrimarioSENASA><se:codEnvaseSecundarioSENASA>7</se:codEnvaseSecundarioSENASA><se:marca>Sapucai</se:marca></se:detalle><se:detalle><se:producto><se:codigoProducto>1567-91828/2</se:codigoProducto><se:nombre>Garras de Pollo Congeladas</se:nombre></se:producto><se:tropa fechaDeElaboracion="2020-06-05" fechaDeFaena="2020-06-05" fechaDeVencimiento="2021-06-05" numeroTropa="20200605" lote="20200605"/><se:pesoNeto>270</se:pesoNeto><se:pesoBruto>294</se:pesoBruto><se:cantidad>18</se:cantidad><se:envasePrimario>BOLSAS/ BOLSITAS</se:envasePrimario><se:envaseSecundario>CAJAS</se:envaseSecundario><se:codEnvasePrimarioSENASA>6</se:codEnvasePrimarioSENASA><se:codEnvaseSecundarioSENASA>7</se:codEnvaseSecundarioSENASA><se:marca>Sapucai</se:marca></se:detalle><se:detalle><se:producto><se:codigoProducto>1567-91828/2</se:codigoProducto><se:nombre>Garras de Pollo Congeladas</se:nombre></se:producto><se:tropa fechaDeElaboracion="2020-06-08" fechaDeFaena="2020-06-08" fechaDeVencimiento="2021-06-08" numeroTropa="20200608" lote="20200608"/><se:pesoNeto>930</se:pesoNeto><se:pesoBruto>982</se:pesoBruto><se:cantidad>62</se:cantidad><se:envasePrimario>BOLSAS/ BOLSITAS</se:envasePrimario><se:envaseSecundario>CAJAS</se:envaseSecundario><se:codEnvasePrimarioSENASA>6</se:codEnvasePrimarioSENASA><se:codEnvaseSecundarioSENASA>7</se:codEnvaseSecundarioSENASA><se:marca>Sapucai</se:marca></se:detalle><se:detalle><se:producto><se:codigoProducto>1567-91828/2</se:codigoProducto><se:nombre>Garras de Pollo Congeladas</se:nombre></se:producto><se:tropa fechaDeElaboracion="2020-06-09" fechaDeFaena="2020-06-09" fechaDeVencimiento="2021-06-09" numeroTropa="20200609" lote="20200609"/><se:pesoNeto>1110</se:pesoNeto><se:pesoBruto>1173</se:pesoBruto><se:cantidad>74</se:cantidad><se:envasePrimario>BOLSAS/ BOLSITAS</se:envasePrimario><se:envaseSecundario>CAJAS</se:envaseSecundario><se:codEnvasePrimarioSENASA>6</se:codEnvasePrimarioSENASA><se:codEnvaseSecundarioSENASA>7</se:codEnvaseSecundarioSENASA><se:marca>Sapucai</se:marca></se:detalle><se:detalle><se:producto><se:codigoProducto>1567-91828/2</se:codigoProducto><se:nombre>Garras de Pollo Congeladas</se:nombre></se:producto><se:tropa fechaDeElaboracion="2020-06-10" fechaDeFaena="2020-06-10" fechaDeVencimiento="2021-06-10" numeroTropa="20200610" lote="20200610"/><se:pesoNeto>2445</se:pesoNeto><se:pesoBruto>2582</se:pesoBruto><se:cantidad>163</se:cantidad><se:envasePrimario>BOLSAS/ BOLSITAS</se:envasePrimario><se:envaseSecundario>CAJAS</se:envaseSecundario><se:codEnvasePrimarioSENASA>6</se:codEnvasePrimarioSENASA><se:codEnvaseSecundarioSENASA>7</se:codEnvaseSecundarioSENASA><se:marca>Sapucai</se:marca></se:detalle><se:detalle><se:producto><se:codigoProducto>1567-91828/2</se:codigoProducto><se:nombre>Garras de Pollo Congeladas</se:nombre></se:producto><se:tropa fechaDeElaboracion="2020-06-11" fechaDeFaena="2020-06-11" fechaDeVencimiento="2021-06-11" numeroTropa="20200611" lote="20200611"/><se:pesoNeto>735</se:pesoNeto><se:pesoBruto>777</se:pesoBruto><se:cantidad>49</se:cantidad><se:envasePrimario>BOLSAS/ BOLSITAS</se:envasePrimario><se:envaseSecundario>CAJAS</se:envaseSecundario><se:codEnvasePrimarioSENASA>6</se:codEnvasePrimarioSENASA><se:codEnvaseSecundarioSENASA>7</se:codEnvaseSecundarioSENASA><se:marca>Sapucai</se:marca></se:detalle><se:detalle><se:producto><se:codigoProducto>1567-91828/2</se:codigoProducto><se:nombre>Garras de Pollo Congeladas</se:nombre></se:producto><se:tropa fechaDeElaboracion="2020-06-12" fechaDeFaena="2020-06-12" fechaDeVencimiento="2021-06-12" numeroTropa="20200612" lote="20200612"/><se:pesoNeto>570</se:pesoNeto><se:pesoBruto>602</se:pesoBruto><se:cantidad>38</se:cantidad><se:envasePrimario>BOLSAS/ BOLSITAS</se:envasePrimario><se:envaseSecundario>CAJAS</se:envaseSecundario><se:codEnvasePrimarioSENASA>6</se:codEnvasePrimarioSENASA><se:codEnvaseSecundarioSENASA>7</se:codEnvaseSecundarioSENASA><se:marca>Sapucai</se:marca></se:detalle><se:detalle><se:producto><se:codigoProducto>1567-91828/2</se:codigoProducto><se:nombre>Garras de Pollo Congeladas</se:nombre></se:producto><se:tropa fechaDeElaboracion="2020-06-16" fechaDeFaena="2020-06-16" fechaDeVencimiento="2021-06-16" numeroTropa="20200616" lote="20200616"/><se:pesoNeto>315</se:pesoNeto><se:pesoBruto>332</se:pesoBruto><se:cantidad>21</se:cantidad><se:envasePrimario>BOLSAS/ BOLSITAS</se:envasePrimario><se:envaseSecundario>CAJAS</se:envaseSecundario><se:codEnvasePrimarioSENASA>6</se:codEnvasePrimarioSENASA><se:codEnvaseSecundarioSENASA>7</se:codEnvaseSecundarioSENASA><se:marca>Sapucai</se:marca></se:detalle><se:detalle><se:producto><se:codigoProducto>1567-91828/2</se:codigoProducto><se:nombre>Garras de Pollo Congeladas</se:nombre></se:producto><se:tropa fechaDeElaboracion="2020-06-17" fechaDeFaena="2020-06-17" fechaDeVencimiento="2021-06-17" numeroTropa="20200617" lote="20200617"/><se:pesoNeto>540</se:pesoNeto><se:pesoBruto>570</se:pesoBruto><se:cantidad>36</se:cantidad><se:envasePrimario>BOLSAS/ BOLSITAS</se:envasePrimario><se:envaseSecundario>CAJAS</se:envaseSecundario><se:codEnvasePrimarioSENASA>6</se:codEnvasePrimarioSENASA><se:codEnvaseSecundarioSENASA>7</se:codEnvaseSecundarioSENASA><se:marca>Sapucai</se:marca></se:detalle><se:detalle><se:producto><se:codigoProducto>1567-91828/2</se:codigoProducto><se:nombre>Garras de Pollo Congeladas</se:nombre></se:producto><se:tropa fechaDeElaboracion="2020-06-18" fechaDeFaena="2020-06-18" fechaDeVencimiento="2021-06-18" numeroTropa="20200618" lote="20200618"/><se:pesoNeto>435</se:pesoNeto><se:pesoBruto>459</se:pesoBruto><se:cantidad>29</se:cantidad><se:envasePrimario>BOLSAS/ BOLSITAS</se:envasePrimario><se:envaseSecundario>CAJAS</se:envaseSecundario><se:codEnvasePrimarioSENASA>6</se:codEnvasePrimarioSENASA><se:codEnvaseSecundarioSENASA>7</se:codEnvaseSecundarioSENASA><se:marca>Sapucai</se:marca></se:detalle><se:detalle><se:producto><se:codigoProducto>1567-91828/2</se:codigoProducto><se:nombre>Garras de Pollo Congeladas</se:nombre></se:producto><se:tropa fechaDeElaboracion="2020-06-19" fechaDeFaena="2020-06-19" fechaDeVencimiento="2021-06-19" numeroTropa="20200619" lote="20200619"/><se:pesoNeto>750</se:pesoNeto><se:pesoBruto>791</se:pesoBruto><se:cantidad>50</se:cantidad><se:envasePrimario>BOLSAS/ BOLSITAS</se:envasePrimario><se:envaseSecundario>CAJAS</se:envaseSecundario><se:codEnvasePrimarioSENASA>6</se:codEnvasePrimarioSENASA><se:codEnvaseSecundarioSENASA>7</se:codEnvaseSecundarioSENASA><se:marca>Sapucai</se:marca></se:detalle><se:detalle><se:producto><se:codigoProducto>1567-91828/2</se:codigoProducto><se:nombre>Garras de Pollo Congeladas</se:nombre></se:producto><se:tropa fechaDeElaboracion="2020-06-22" fechaDeFaena="2020-06-22" fechaDeVencimiento="2021-06-22" numeroTropa="20200622" lote="20200622"/><se:pesoNeto>360</se:pesoNeto><se:pesoBruto>380</se:pesoBruto><se:cantidad>24</se:cantidad><se:envasePrimario>BOLSAS/ BOLSITAS</se:envasePrimario><se:envaseSecundario>CAJAS</se:envaseSecundario><se:codEnvasePrimarioSENASA>6</se:codEnvasePrimarioSENASA><se:codEnvaseSecundarioSENASA>7</se:codEnvaseSecundarioSENASA><se:marca>Sapucai</se:marca></se:detalle><se:detalle><se:producto><se:codigoProducto>1567-91828/2</se:codigoProducto><se:nombre>Garras de Pollo Congeladas</se:nombre></se:producto><se:tropa fechaDeElaboracion="2020-07-21" fechaDeFaena="2020-07-21" fechaDeVencimiento="2021-07-21" numeroTropa="20200721" lote="20200721"/><se:pesoNeto>150</se:pesoNeto><se:pesoBruto>157</se:pesoBruto><se:cantidad>10</se:cantidad><se:envasePrimario>BOLSAS/ BOLSITAS</se:envasePrimario><se:envaseSecundario>CAJAS</se:envaseSecundario><se:codEnvasePrimarioSENASA>6</se:codEnvasePrimarioSENASA><se:codEnvaseSecundarioSENASA>7</se:codEnvaseSecundarioSENASA><se:marca>Sapucai</se:marca></se:detalle><se:detalle><se:producto><se:codigoProducto>1567-91828/2</se:codigoProducto><se:nombre>Garras de Pollo Congeladas</se:nombre></se:producto><se:tropa fechaDeElaboracion="2020-07-22" fechaDeFaena="2020-07-22" fechaDeVencimiento="2021-07-22" numeroTropa="20200722" lote="20200722"/><se:pesoNeto>300</se:pesoNeto><se:pesoBruto>316</se:pesoBruto><se:cantidad>20</se:cantidad><se:envasePrimario>BOLSAS/ BOLSITAS</se:envasePrimario><se:envaseSecundario>CAJAS</se:envaseSecundario><se:codEnvasePrimarioSENASA>6</se:codEnvasePrimarioSENASA><se:codEnvaseSecundarioSENASA>7</se:codEnvaseSecundarioSENASA><se:marca>Sapucai</se:marca></se:detalle><se:detalle><se:producto><se:codigoProducto>1567-91828/2</se:codigoProducto><se:nombre>Garras de Pollo Congeladas</se:nombre></se:producto><se:tropa fechaDeElaboracion="2020-07-23" fechaDeFaena="2020-07-23" fechaDeVencimiento="2021-07-23" numeroTropa="20200723" lote="20200723"/><se:pesoNeto>150</se:pesoNeto><se:pesoBruto>157</se:pesoBruto><se:cantidad>10</se:cantidad><se:envasePrimario>BOLSAS/ BOLSITAS</se:envasePrimario><se:envaseSecundario>CAJAS</se:envaseSecundario><se:codEnvasePrimarioSENASA>6</se:codEnvasePrimarioSENASA><se:codEnvaseSecundarioSENASA>7</se:codEnvaseSecundarioSENASA><se:marca>Sapucai</se:marca></se:detalle><se:detalle><se:producto><se:codigoProducto>1567-91828/2</se:codigoProducto><se:nombre>Garras de Pollo Congeladas</se:nombre></se:producto><se:tropa fechaDeElaboracion="2020-06-05" fechaDeFaena="2020-06-05" fechaDeVencimiento="2021-06-05" numeroTropa="20200605" lote="20200605"/><se:pesoNeto>810</se:pesoNeto><se:pesoBruto>855</se:pesoBruto><se:cantidad>54</se:cantidad><se:envasePrimario>BOLSAS/ BOLSITAS</se:envasePrimario><se:envaseSecundario>CAJAS</se:envaseSecundario><se:codEnvasePrimarioSENASA>6</se:codEnvasePrimarioSENASA><se:codEnvaseSecundarioSENASA>7</se:codEnvaseSecundarioSENASA><se:marca>Sapucai</se:marca></se:detalle><se:detalle><se:producto><se:codigoProducto>1567-91828/2</se:codigoProducto><se:nombre>Garras de Pollo Congeladas</se:nombre></se:producto><se:tropa fechaDeElaboracion="2020-06-08" fechaDeFaena="2020-06-08" fechaDeVencimiento="2021-06-08" numeroTropa="20200608" lote="20200608"/><se:pesoNeto>2220</se:pesoNeto><se:pesoBruto>2343</se:pesoBruto><se:cantidad>148</se:cantidad><se:envasePrimario>BOLSAS/ BOLSITAS</se:envasePrimario><se:envaseSecundario>CAJAS</se:envaseSecundario><se:codEnvasePrimarioSENASA>6</se:codEnvasePrimarioSENASA><se:codEnvaseSecundarioSENASA>7</se:codEnvaseSecundarioSENASA><se:marca>Sapucai</se:marca></se:detalle><se:detalle><se:producto><se:codigoProducto>1567-91828/2</se:codigoProducto><se:nombre>Garras de Pollo Congeladas</se:nombre></se:producto><se:tropa fechaDeElaboracion="2020-06-09" fechaDeFaena="2020-06-09" fechaDeVencimiento="2021-06-09" numeroTropa="20200609" lote="20200609"/><se:pesoNeto>2085</se:pesoNeto><se:pesoBruto>2200</se:pesoBruto><se:cantidad>139</se:cantidad><se:envasePrimario>BOLSAS/ BOLSITAS</se:envasePrimario><se:envaseSecundario>CAJAS</se:envaseSecundario><se:codEnvasePrimarioSENASA>6</se:codEnvasePrimarioSENASA><se:codEnvaseSecundarioSENASA>7</se:codEnvaseSecundarioSENASA><se:marca>Sapucai</se:marca></se:detalle><se:detalle><se:producto><se:codigoProducto>1567-91828/2</se:codigoProducto><se:nombre>Garras de Pollo Congeladas</se:nombre></se:producto><se:tropa fechaDeElaboracion="2020-06-10" fechaDeFaena="2020-06-10" fechaDeVencimiento="2021-06-10" numeroTropa="20200610" lote="20200610"/><se:pesoNeto>1080</se:pesoNeto><se:pesoBruto>1140</se:pesoBruto><se:cantidad>72</se:cantidad><se:envasePrimario>BOLSAS/ BOLSITAS</se:envasePrimario><se:envaseSecundario>CAJAS</se:envaseSecundario><se:codEnvasePrimarioSENASA>6</se:codEnvasePrimarioSENASA><se:codEnvaseSecundarioSENASA>7</se:codEnvaseSecundarioSENASA><se:marca>Sapucai</se:marca></se:detalle><se:detalle><se:producto><se:codigoProducto>1567-91828/2</se:codigoProducto><se:nombre>Garras de Pollo Congeladas</se:nombre></se:producto><se:tropa fechaDeElaboracion="2020-06-11" fechaDeFaena="2020-06-11" fechaDeVencimiento="2021-06-11" numeroTropa="20200611" lote="20200611"/><se:pesoNeto>1080</se:pesoNeto><se:pesoBruto>1140</se:pesoBruto><se:cantidad>72</se:cantidad><se:envasePrimario>BOLSAS/ BOLSITAS</se:envasePrimario><se:envaseSecundario>CAJAS</se:envaseSecundario><se:codEnvasePrimarioSENASA>6</se:codEnvasePrimarioSENASA><se:codEnvaseSecundarioSENASA>7</se:codEnvaseSecundarioSENASA><se:marca>Sapucai</se:marca></se:detalle><se:detalle><se:producto><se:codigoProducto>1567-91828/2</se:codigoProducto><se:nombre>Garras de Pollo Congeladas</se:nombre></se:producto><se:tropa fechaDeElaboracion="2020-06-12" fechaDeFaena="2020-06-12" fechaDeVencimiento="2021-06-12" numeroTropa="20200612" lote="20200612"/><se:pesoNeto>855</se:pesoNeto><se:pesoBruto>902</se:pesoBruto><se:cantidad>57</se:cantidad><se:envasePrimario>BOLSAS/ BOLSITAS</se:envasePrimario><se:envaseSecundario>CAJAS</se:envaseSecundario><se:codEnvasePrimarioSENASA>6</se:codEnvasePrimarioSENASA><se:codEnvaseSecundarioSENASA>7</se:codEnvaseSecundarioSENASA><se:marca>Sapucai</se:marca></se:detalle><se:detalle><se:producto><se:codigoProducto>1567-91828/2</se:codigoProducto><se:nombre>Garras de Pollo Congeladas</se:nombre></se:producto><se:tropa fechaDeElaboracion="2020-06-16" fechaDeFaena="2020-06-16" fechaDeVencimiento="2021-06-16" numeroTropa="20200616" lote="20200616"/><se:pesoNeto>1020</se:pesoNeto><se:pesoBruto>1076</se:pesoBruto><se:cantidad>68</se:cantidad><se:envasePrimario>BOLSAS/ BOLSITAS</se:envasePrimario><se:envaseSecundario>CAJAS</se:envaseSecundario><se:codEnvasePrimarioSENASA>6</se:codEnvasePrimarioSENASA><se:codEnvaseSecundarioSENASA>7</se:codEnvaseSecundarioSENASA><se:marca>Sapucai</se:marca></se:detalle><se:detalle><se:producto><se:codigoProducto>1567-91828/2</se:codigoProducto><se:nombre>Garras de Pollo Congeladas</se:nombre></se:producto><se:tropa fechaDeElaboracion="2020-06-30" fechaDeFaena="2020-06-30" fechaDeVencimiento="2021-06-30" numeroTropa="20200630" lote="20200630"/><se:pesoNeto>1890</se:pesoNeto><se:pesoBruto>1994</se:pesoBruto><se:cantidad>126</se:cantidad><se:envasePrimario>BOLSAS/ BOLSITAS</se:envasePrimario><se:envaseSecundario>CAJAS</se:envaseSecundario><se:codEnvasePrimarioSENASA>6</se:codEnvasePrimarioSENASA><se:codEnvaseSecundarioSENASA>7</se:codEnvaseSecundarioSENASA><se:marca>Sapucai</se:marca></se:detalle><se:detalle><se:producto><se:codigoProducto>1567-91828/2</se:codigoProducto><se:nombre>Garras de Pollo Congeladas</se:nombre></se:producto><se:tropa fechaDeElaboracion="2020-07-01" fechaDeFaena="2020-07-01" fechaDeVencimiento="2021-07-01" numeroTropa="20200701" lote="20200701"/><se:pesoNeto>1380</se:pesoNeto><se:pesoBruto>1440</se:pesoBruto><se:cantidad>92</se:cantidad><se:envasePrimario>BOLSAS/ BOLSITAS</se:envasePrimario><se:envaseSecundario>CAJAS</se:envaseSecundario><se:codEnvasePrimarioSENASA>6</se:codEnvasePrimarioSENASA><se:codEnvaseSecundarioSENASA>7</se:codEnvaseSecundarioSENASA><se:marca>Sapucai</se:marca></se:detalle><se:detalle><se:producto><se:codigoProducto>1567-91828/2</se:codigoProducto><se:nombre>Garras de Pollo Congeladas</se:nombre></se:producto><se:tropa fechaDeElaboracion="2020-07-02" fechaDeFaena="2020-07-02" fechaDeVencimiento="2021-07-02" numeroTropa="20200702" lote="20200702"/><se:pesoNeto>930</se:pesoNeto><se:pesoBruto>977</se:pesoBruto><se:cantidad>62</se:cantidad><se:envasePrimario>BOLSAS/ BOLSITAS</se:envasePrimario><se:envaseSecundario>CAJAS</se:envaseSecundario><se:codEnvasePrimarioSENASA>6</se:codEnvasePrimarioSENASA><se:codEnvaseSecundarioSENASA>7</se:codEnvaseSecundarioSENASA><se:marca>Sapucai</se:marca></se:detalle><se:detalle><se:producto><se:codigoProducto>1567-91828/2</se:codigoProducto><se:nombre>Garras de Pollo Congeladas</se:nombre></se:producto><se:tropa fechaDeElaboracion="2020-07-23" fechaDeFaena="2020-07-23" fechaDeVencimiento="2021-07-23" numeroTropa="20200723" lote="20200723"/><se:pesoNeto>150</se:pesoNeto><se:pesoBruto>157</se:pesoBruto><se:cantidad>10</se:cantidad><se:envasePrimario>BOLSAS/ BOLSITAS</se:envasePrimario><se:envaseSecundario>CAJAS</se:envaseSecundario><se:codEnvasePrimarioSENASA>6</se:codEnvasePrimarioSENASA><se:codEnvaseSecundarioSENASA>7</se:codEnvaseSecundarioSENASA><se:marca>Sapucai</se:marca></se:detalle></se:detalles><se:precintoSENASA>1</se:precintoSENASA><se:destinatarioNombre>FRIODOCK</se:destinatarioNombre><se:exportador>8122</se:exportador><se:camion><se:tipoDeTransporte>TE</se:tipoDeTransporte><se:patenteCamion>MAB849 / DVB296</se:patenteCamion></se:camion><se:medioDeTransporte><se:tipoDeTransporte>MA</se:tipoDeTransporte><se:nombreBuque>CMA CGM JACQUES JUNIOR</se:nombreBuque></se:medioDeTransporte><se:remitoNumero>0003-00203729</se:remitoNumero><se:temperatura>-18</se:temperatura><se:territorio>AR-1</se:territorio><se:numeroContenedor>EMCU 5276215</se:numeroContenedor><se:rolDelEstablecimiento>FAENADOR_ELABORADOR</se:rolDelEstablecimiento></se:solicitud>
